{"action":false,"opponentDirection":36900.0,"opponentPositionX":239.125183105469,"opponentPositionY":-564.754333496094,"opponentVelocityX":3.49864411354065,"opponentVelocityY":0.264398813247681,"positionX":-5042.98046875,"positionY":155.110137939453,"velocityX":-1166.71264648438,"velocityY":174.097915649414}